text,summary
تدور أحداث هذا النص حول حفلة في القرية. يبدأ النص بوصف مفصل للمكان والأجواء المحيطة، ثم ينتقل لسرد الأحداث والتجارب الفريدة التي يعيشها الأشخاص المشاركون في حفلة في القرية. تتخلل القصة مواقف مشوقة وحوارات تعكس الثقافة والتقاليد المرتبطة بـحفلة في القرية، مما يجعل القارئ يشعر وكأنه جزء من القصة.,حفلة تراثية في قرية تظهر العادات والتقاليد المحلية
تدور أحداث هذا النص حول حفلة في القرية. يبدأ النص بوصف مفصل للمكان والأجواء المحيطة، ثم ينتقل لسرد الأحداث والتجارب الفريدة التي يعيشها الأشخاص المشاركون في حفلة في القرية. تتخلل القصة مواقف مشوقة وحوارات تعكس الثقافة والتقاليد المرتبطة بـحفلة في القرية، مما يجعل القارئ يشعر وكأنه جزء من القصة.,حفلة تراثية في قرية تظهر العادات والتقاليد المحلية
تدور أحداث هذا النص حول رحلة في الصحراء. يبدأ النص بوصف مفصل للمكان والأجواء المحيطة، ثم ينتقل لسرد الأحداث والتجارب الفريدة التي يعيشها الأشخاص المشاركون في رحلة في الصحراء. تتخلل القصة مواقف مشوقة وحوارات تعكس الثقافة والتقاليد المرتبطة بـرحلة في الصحراء، مما يجعل القارئ يشعر وكأنه جزء من القصة.,رحلة مثيرة في الصحراء تكشف جمال الطبيعة الصحراوية
تدور أحداث هذا النص حول رحلة في الصحراء. يبدأ النص بوصف مفصل للمكان والأجواء المحيطة، ثم ينتقل لسرد الأحداث والتجارب الفريدة التي يعيشها الأشخاص المشاركون في رحلة في الصحراء. تتخلل القصة مواقف مشوقة وحوارات تعكس الثقافة والتقاليد المرتبطة بـرحلة في الصحراء، مما يجعل القارئ يشعر وكأنه جزء من القصة.,رحلة مثيرة في الصحراء تكشف جمال الطبيعة الصحراوية
تدور أحداث هذا النص حول حفلة في القرية. يبدأ النص بوصف مفصل للمكان والأجواء المحيطة، ثم ينتقل لسرد الأحداث والتجارب الفريدة التي يعيشها الأشخاص المشاركون في حفلة في القرية. تتخلل القصة مواقف مشوقة وحوارات تعكس الثقافة والتقاليد المرتبطة بـحفلة في القرية، مما يجعل القارئ يشعر وكأنه جزء من القصة.,حفلة تراثية في قرية تظهر العادات والتقاليد المحلية
تدور أحداث هذا النص حول مهرجان ثقافي. يبدأ النص بوصف مفصل للمكان والأجواء المحيطة، ثم ينتقل لسرد الأحداث والتجارب الفريدة التي يعيشها الأشخاص المشاركون في مهرجان ثقافي. تتخلل القصة مواقف مشوقة وحوارات تعكس الثقافة والتقاليد المرتبطة بـمهرجان ثقافي، مما يجعل القارئ يشعر وكأنه جزء من القصة.,الاحتفال بمهرجان ثقافي يعرض فنون وثقافات متنوعة
تدور أحداث هذا النص حول حفلة في القرية. يبدأ النص بوصف مفصل للمكان والأجواء المحيطة، ثم ينتقل لسرد الأحداث والتجارب الفريدة التي يعيشها الأشخاص المشاركون في حفلة في القرية. تتخلل القصة مواقف مشوقة وحوارات تعكس الثقافة والتقاليد المرتبطة بـحفلة في القرية، مما يجعل القارئ يشعر وكأنه جزء من القصة.,حفلة تراثية في قرية تظهر العادات والتقاليد المحلية
تدور أحداث هذا النص حول رحلة في الصحراء. يبدأ النص بوصف مفصل للمكان والأجواء المحيطة، ثم ينتقل لسرد الأحداث والتجارب الفريدة التي يعيشها الأشخاص المشاركون في رحلة في الصحراء. تتخلل القصة مواقف مشوقة وحوارات تعكس الثقافة والتقاليد المرتبطة بـرحلة في الصحراء، مما يجعل القارئ يشعر وكأنه جزء من القصة.,رحلة مثيرة في الصحراء تكشف جمال الطبيعة الصحراوية
تدور أحداث هذا النص حول قصة حب في المدينة. يبدأ النص بوصف مفصل للمكان والأجواء المحيطة، ثم ينتقل لسرد الأحداث والتجارب الفريدة التي يعيشها الأشخاص المشاركون في قصة حب في المدينة. تتخلل القصة مواقف مشوقة وحوارات تعكس الثقافة والتقاليد المرتبطة بـقصة حب في المدينة، مما يجعل القارئ يشعر وكأنه جزء من القصة.,قصة حب مؤثرة تدور أحداثها في المدينة الصاخبة
تدور أحداث هذا النص حول تجربة في مطعم جديد. يبدأ النص بوصف مفصل للمكان والأجواء المحيطة، ثم ينتقل لسرد الأحداث والتجارب الفريدة التي يعيشها الأشخاص المشاركون في تجربة في مطعم جديد. تتخلل القصة مواقف مشوقة وحوارات تعكس الثقافة والتقاليد المرتبطة بـتجربة في مطعم جديد، مما يجعل القارئ يشعر وكأنه جزء من القصة.,تذوق أطباق عالمية في مطعم جديد وأنيق
تدور أحداث هذا النص حول يوم دراسي. يبدأ النص بوصف مفصل للمكان والأجواء المحيطة، ثم ينتقل لسرد الأحداث والتجارب الفريدة التي يعيشها الأشخاص المشاركون في يوم دراسي. تتخلل القصة مواقف مشوقة وحوارات تعكس الثقافة والتقاليد المرتبطة بـيوم دراسي، مما يجعل القارئ يشعر وكأنه جزء من القصة.,يوم مليء بالتعلم والتفاعل في المدرسة
تدور أحداث هذا النص حول مهرجان ثقافي. يبدأ النص بوصف مفصل للمكان والأجواء المحيطة، ثم ينتقل لسرد الأحداث والتجارب الفريدة التي يعيشها الأشخاص المشاركون في مهرجان ثقافي. تتخلل القصة مواقف مشوقة وحوارات تعكس الثقافة والتقاليد المرتبطة بـمهرجان ثقافي، مما يجعل القارئ يشعر وكأنه جزء من القصة.,الاحتفال بمهرجان ثقافي يعرض فنون وثقافات متنوعة
تدور أحداث هذا النص حول مغامرة في الجبال. يبدأ النص بوصف مفصل للمكان والأجواء المحيطة، ثم ينتقل لسرد الأحداث والتجارب الفريدة التي يعيشها الأشخاص المشاركون في مغامرة في الجبال. تتخلل القصة مواقف مشوقة وحوارات تعكس الثقافة والتقاليد المرتبطة بـمغامرة في الجبال، مما يجعل القارئ يشعر وكأنه جزء من القصة.,تجربة تسلق جبال شاهقة واكتشاف الطبيعة
تدور أحداث هذا النص حول مهرجان ثقافي. يبدأ النص بوصف مفصل للمكان والأجواء المحيطة، ثم ينتقل لسرد الأحداث والتجارب الفريدة التي يعيشها الأشخاص المشاركون في مهرجان ثقافي. تتخلل القصة مواقف مشوقة وحوارات تعكس الثقافة والتقاليد المرتبطة بـمهرجان ثقافي، مما يجعل القارئ يشعر وكأنه جزء من القصة.,الاحتفال بمهرجان ثقافي يعرض فنون وثقافات متنوعة
تدور أحداث هذا النص حول تجربة في مطعم جديد. يبدأ النص بوصف مفصل للمكان والأجواء المحيطة، ثم ينتقل لسرد الأحداث والتجارب الفريدة التي يعيشها الأشخاص المشاركون في تجربة في مطعم جديد. تتخلل القصة مواقف مشوقة وحوارات تعكس الثقافة والتقاليد المرتبطة بـتجربة في مطعم جديد، مما يجعل القارئ يشعر وكأنه جزء من القصة.,تذوق أطباق عالمية في مطعم جديد وأنيق
تدور أحداث هذا النص حول رحلة في الصحراء. يبدأ النص بوصف مفصل للمكان والأجواء المحيطة، ثم ينتقل لسرد الأحداث والتجارب الفريدة التي يعيشها الأشخاص المشاركون في رحلة في الصحراء. تتخلل القصة مواقف مشوقة وحوارات تعكس الثقافة والتقاليد المرتبطة بـرحلة في الصحراء، مما يجعل القارئ يشعر وكأنه جزء من القصة.,رحلة مثيرة في الصحراء تكشف جمال الطبيعة الصحراوية
تدور أحداث هذا النص حول رحلة في الصحراء. يبدأ النص بوصف مفصل للمكان والأجواء المحيطة، ثم ينتقل لسرد الأحداث والتجارب الفريدة التي يعيشها الأشخاص المشاركون في رحلة في الصحراء. تتخلل القصة مواقف مشوقة وحوارات تعكس الثقافة والتقاليد المرتبطة بـرحلة في الصحراء، مما يجعل القارئ يشعر وكأنه جزء من القصة.,رحلة مثيرة في الصحراء تكشف جمال الطبيعة الصحراوية
تدور أحداث هذا النص حول يوم دراسي. يبدأ النص بوصف مفصل للمكان والأجواء المحيطة، ثم ينتقل لسرد الأحداث والتجارب الفريدة التي يعيشها الأشخاص المشاركون في يوم دراسي. تتخلل القصة مواقف مشوقة وحوارات تعكس الثقافة والتقاليد المرتبطة بـيوم دراسي، مما يجعل القارئ يشعر وكأنه جزء من القصة.,يوم مليء بالتعلم والتفاعل في المدرسة
تدور أحداث هذا النص حول مغامرة في الجبال. يبدأ النص بوصف مفصل للمكان والأجواء المحيطة، ثم ينتقل لسرد الأحداث والتجارب الفريدة التي يعيشها الأشخاص المشاركون في مغامرة في الجبال. تتخلل القصة مواقف مشوقة وحوارات تعكس الثقافة والتقاليد المرتبطة بـمغامرة في الجبال، مما يجعل القارئ يشعر وكأنه جزء من القصة.,تجربة تسلق جبال شاهقة واكتشاف الطبيعة
تدور أحداث هذا النص حول تجربة في مطعم جديد. يبدأ النص بوصف مفصل للمكان والأجواء المحيطة، ثم ينتقل لسرد الأحداث والتجارب الفريدة التي يعيشها الأشخاص المشاركون في تجربة في مطعم جديد. تتخلل القصة مواقف مشوقة وحوارات تعكس الثقافة والتقاليد المرتبطة بـتجربة في مطعم جديد، مما يجعل القارئ يشعر وكأنه جزء من القصة.,تذوق أطباق عالمية في مطعم جديد وأنيق
تدور أحداث هذا النص حول يوم في السوق. يبدأ النص بوصف مفصل للمكان والأجواء المحيطة، ثم ينتقل لسرد الأحداث والتجارب الفريدة التي يعيشها الأشخاص المشاركون في يوم في السوق. تتخلل القصة مواقف مشوقة وحوارات تعكس الثقافة والتقاليد المرتبطة بـيوم في السوق، مما يجعل القارئ يشعر وكأنه جزء من القصة.,يوم حافل بالتسوق واستكشاف الأسواق التقليدية
تدور أحداث هذا النص حول رحلة بحرية. يبدأ النص بوصف مفصل للمكان والأجواء المحيطة، ثم ينتقل لسرد الأحداث والتجارب الفريدة التي يعيشها الأشخاص المشاركون في رحلة بحرية. تتخلل القصة مواقف مشوقة وحوارات تعكس الثقافة والتقاليد المرتبطة بـرحلة بحرية، مما يجعل القارئ يشعر وكأنه جزء من القصة.,مغامرة بحرية تستكشف عجائب البحر
تدور أحداث هذا النص حول مغامرة في الجبال. يبدأ النص بوصف مفصل للمكان والأجواء المحيطة، ثم ينتقل لسرد الأحداث والتجارب الفريدة التي يعيشها الأشخاص المشاركون في مغامرة في الجبال. تتخلل القصة مواقف مشوقة وحوارات تعكس الثقافة والتقاليد المرتبطة بـمغامرة في الجبال، مما يجعل القارئ يشعر وكأنه جزء من القصة.,تجربة تسلق جبال شاهقة واكتشاف الطبيعة
تدور أحداث هذا النص حول زيارة لمعلم تاريخي. يبدأ النص بوصف مفصل للمكان والأجواء المحيطة، ثم ينتقل لسرد الأحداث والتجارب الفريدة التي يعيشها الأشخاص المشاركون في زيارة لمعلم تاريخي. تتخلل القصة مواقف مشوقة وحوارات تعكس الثقافة والتقاليد المرتبطة بـزيارة لمعلم تاريخي، مما يجعل القارئ يشعر وكأنه جزء من القصة.,جولة في معلم تاريخي تعكس عظمة الماضي
تدور أحداث هذا النص حول يوم دراسي. يبدأ النص بوصف مفصل للمكان والأجواء المحيطة، ثم ينتقل لسرد الأحداث والتجارب الفريدة التي يعيشها الأشخاص المشاركون في يوم دراسي. تتخلل القصة مواقف مشوقة وحوارات تعكس الثقافة والتقاليد المرتبطة بـيوم دراسي، مما يجعل القارئ يشعر وكأنه جزء من القصة.,يوم مليء بالتعلم والتفاعل في المدرسة
تدور أحداث هذا النص حول يوم دراسي. يبدأ النص بوصف مفصل للمكان والأجواء المحيطة، ثم ينتقل لسرد الأحداث والتجارب الفريدة التي يعيشها الأشخاص المشاركون في يوم دراسي. تتخلل القصة مواقف مشوقة وحوارات تعكس الثقافة والتقاليد المرتبطة بـيوم دراسي، مما يجعل القارئ يشعر وكأنه جزء من القصة.,يوم مليء بالتعلم والتفاعل في المدرسة
تدور أحداث هذا النص حول يوم في السوق. يبدأ النص بوصف مفصل للمكان والأجواء المحيطة، ثم ينتقل لسرد الأحداث والتجارب الفريدة التي يعيشها الأشخاص المشاركون في يوم في السوق. تتخلل القصة مواقف مشوقة وحوارات تعكس الثقافة والتقاليد المرتبطة بـيوم في السوق، مما يجعل القارئ يشعر وكأنه جزء من القصة.,يوم حافل بالتسوق واستكشاف الأسواق التقليدية
تدور أحداث هذا النص حول مهرجان ثقافي. يبدأ النص بوصف مفصل للمكان والأجواء المحيطة، ثم ينتقل لسرد الأحداث والتجارب الفريدة التي يعيشها الأشخاص المشاركون في مهرجان ثقافي. تتخلل القصة مواقف مشوقة وحوارات تعكس الثقافة والتقاليد المرتبطة بـمهرجان ثقافي، مما يجعل القارئ يشعر وكأنه جزء من القصة.,الاحتفال بمهرجان ثقافي يعرض فنون وثقافات متنوعة
تدور أحداث هذا النص حول مغامرة في الجبال. يبدأ النص بوصف مفصل للمكان والأجواء المحيطة، ثم ينتقل لسرد الأحداث والتجارب الفريدة التي يعيشها الأشخاص المشاركون في مغامرة في الجبال. تتخلل القصة مواقف مشوقة وحوارات تعكس الثقافة والتقاليد المرتبطة بـمغامرة في الجبال، مما يجعل القارئ يشعر وكأنه جزء من القصة.,تجربة تسلق جبال شاهقة واكتشاف الطبيعة
تدور أحداث هذا النص حول مغامرة في الجبال. يبدأ النص بوصف مفصل للمكان والأجواء المحيطة، ثم ينتقل لسرد الأحداث والتجارب الفريدة التي يعيشها الأشخاص المشاركون في مغامرة في الجبال. تتخلل القصة مواقف مشوقة وحوارات تعكس الثقافة والتقاليد المرتبطة بـمغامرة في الجبال، مما يجعل القارئ يشعر وكأنه جزء من القصة.,تجربة تسلق جبال شاهقة واكتشاف الطبيعة
تدور أحداث هذا النص حول تجربة في مطعم جديد. يبدأ النص بوصف مفصل للمكان والأجواء المحيطة، ثم ينتقل لسرد الأحداث والتجارب الفريدة التي يعيشها الأشخاص المشاركون في تجربة في مطعم جديد. تتخلل القصة مواقف مشوقة وحوارات تعكس الثقافة والتقاليد المرتبطة بـتجربة في مطعم جديد، مما يجعل القارئ يشعر وكأنه جزء من القصة.,تذوق أطباق عالمية في مطعم جديد وأنيق
تدور أحداث هذا النص حول رحلة في الصحراء. يبدأ النص بوصف مفصل للمكان والأجواء المحيطة، ثم ينتقل لسرد الأحداث والتجارب الفريدة التي يعيشها الأشخاص المشاركون في رحلة في الصحراء. تتخلل القصة مواقف مشوقة وحوارات تعكس الثقافة والتقاليد المرتبطة بـرحلة في الصحراء، مما يجعل القارئ يشعر وكأنه جزء من القصة.,رحلة مثيرة في الصحراء تكشف جمال الطبيعة الصحراوية
تدور أحداث هذا النص حول رحلة في الصحراء. يبدأ النص بوصف مفصل للمكان والأجواء المحيطة، ثم ينتقل لسرد الأحداث والتجارب الفريدة التي يعيشها الأشخاص المشاركون في رحلة في الصحراء. تتخلل القصة مواقف مشوقة وحوارات تعكس الثقافة والتقاليد المرتبطة بـرحلة في الصحراء، مما يجعل القارئ يشعر وكأنه جزء من القصة.,رحلة مثيرة في الصحراء تكشف جمال الطبيعة الصحراوية
تدور أحداث هذا النص حول يوم دراسي. يبدأ النص بوصف مفصل للمكان والأجواء المحيطة، ثم ينتقل لسرد الأحداث والتجارب الفريدة التي يعيشها الأشخاص المشاركون في يوم دراسي. تتخلل القصة مواقف مشوقة وحوارات تعكس الثقافة والتقاليد المرتبطة بـيوم دراسي، مما يجعل القارئ يشعر وكأنه جزء من القصة.,يوم مليء بالتعلم والتفاعل في المدرسة
تدور أحداث هذا النص حول رحلة بحرية. يبدأ النص بوصف مفصل للمكان والأجواء المحيطة، ثم ينتقل لسرد الأحداث والتجارب الفريدة التي يعيشها الأشخاص المشاركون في رحلة بحرية. تتخلل القصة مواقف مشوقة وحوارات تعكس الثقافة والتقاليد المرتبطة بـرحلة بحرية، مما يجعل القارئ يشعر وكأنه جزء من القصة.,مغامرة بحرية تستكشف عجائب البحر
تدور أحداث هذا النص حول مغامرة في الجبال. يبدأ النص بوصف مفصل للمكان والأجواء المحيطة، ثم ينتقل لسرد الأحداث والتجارب الفريدة التي يعيشها الأشخاص المشاركون في مغامرة في الجبال. تتخلل القصة مواقف مشوقة وحوارات تعكس الثقافة والتقاليد المرتبطة بـمغامرة في الجبال، مما يجعل القارئ يشعر وكأنه جزء من القصة.,تجربة تسلق جبال شاهقة واكتشاف الطبيعة
تدور أحداث هذا النص حول مهرجان ثقافي. يبدأ النص بوصف مفصل للمكان والأجواء المحيطة، ثم ينتقل لسرد الأحداث والتجارب الفريدة التي يعيشها الأشخاص المشاركون في مهرجان ثقافي. تتخلل القصة مواقف مشوقة وحوارات تعكس الثقافة والتقاليد المرتبطة بـمهرجان ثقافي، مما يجعل القارئ يشعر وكأنه جزء من القصة.,الاحتفال بمهرجان ثقافي يعرض فنون وثقافات متنوعة
تدور أحداث هذا النص حول رحلة بحرية. يبدأ النص بوصف مفصل للمكان والأجواء المحيطة، ثم ينتقل لسرد الأحداث والتجارب الفريدة التي يعيشها الأشخاص المشاركون في رحلة بحرية. تتخلل القصة مواقف مشوقة وحوارات تعكس الثقافة والتقاليد المرتبطة بـرحلة بحرية، مما يجعل القارئ يشعر وكأنه جزء من القصة.,مغامرة بحرية تستكشف عجائب البحر
تدور أحداث هذا النص حول زيارة لمعلم تاريخي. يبدأ النص بوصف مفصل للمكان والأجواء المحيطة، ثم ينتقل لسرد الأحداث والتجارب الفريدة التي يعيشها الأشخاص المشاركون في زيارة لمعلم تاريخي. تتخلل القصة مواقف مشوقة وحوارات تعكس الثقافة والتقاليد المرتبطة بـزيارة لمعلم تاريخي، مما يجعل القارئ يشعر وكأنه جزء من القصة.,جولة في معلم تاريخي تعكس عظمة الماضي
تدور أحداث هذا النص حول مهرجان ثقافي. يبدأ النص بوصف مفصل للمكان والأجواء المحيطة، ثم ينتقل لسرد الأحداث والتجارب الفريدة التي يعيشها الأشخاص المشاركون في مهرجان ثقافي. تتخلل القصة مواقف مشوقة وحوارات تعكس الثقافة والتقاليد المرتبطة بـمهرجان ثقافي، مما يجعل القارئ يشعر وكأنه جزء من القصة.,الاحتفال بمهرجان ثقافي يعرض فنون وثقافات متنوعة
تدور أحداث هذا النص حول تجربة في مطعم جديد. يبدأ النص بوصف مفصل للمكان والأجواء المحيطة، ثم ينتقل لسرد الأحداث والتجارب الفريدة التي يعيشها الأشخاص المشاركون في تجربة في مطعم جديد. تتخلل القصة مواقف مشوقة وحوارات تعكس الثقافة والتقاليد المرتبطة بـتجربة في مطعم جديد، مما يجعل القارئ يشعر وكأنه جزء من القصة.,تذوق أطباق عالمية في مطعم جديد وأنيق
تدور أحداث هذا النص حول مغامرة في الجبال. يبدأ النص بوصف مفصل للمكان والأجواء المحيطة، ثم ينتقل لسرد الأحداث والتجارب الفريدة التي يعيشها الأشخاص المشاركون في مغامرة في الجبال. تتخلل القصة مواقف مشوقة وحوارات تعكس الثقافة والتقاليد المرتبطة بـمغامرة في الجبال، مما يجعل القارئ يشعر وكأنه جزء من القصة.,تجربة تسلق جبال شاهقة واكتشاف الطبيعة
تدور أحداث هذا النص حول حفلة في القرية. يبدأ النص بوصف مفصل للمكان والأجواء المحيطة، ثم ينتقل لسرد الأحداث والتجارب الفريدة التي يعيشها الأشخاص المشاركون في حفلة في القرية. تتخلل القصة مواقف مشوقة وحوارات تعكس الثقافة والتقاليد المرتبطة بـحفلة في القرية، مما يجعل القارئ يشعر وكأنه جزء من القصة.,حفلة تراثية في قرية تظهر العادات والتقاليد المحلية
تدور أحداث هذا النص حول قصة حب في المدينة. يبدأ النص بوصف مفصل للمكان والأجواء المحيطة، ثم ينتقل لسرد الأحداث والتجارب الفريدة التي يعيشها الأشخاص المشاركون في قصة حب في المدينة. تتخلل القصة مواقف مشوقة وحوارات تعكس الثقافة والتقاليد المرتبطة بـقصة حب في المدينة، مما يجعل القارئ يشعر وكأنه جزء من القصة.,قصة حب مؤثرة تدور أحداثها في المدينة الصاخبة
تدور أحداث هذا النص حول زيارة لمعلم تاريخي. يبدأ النص بوصف مفصل للمكان والأجواء المحيطة، ثم ينتقل لسرد الأحداث والتجارب الفريدة التي يعيشها الأشخاص المشاركون في زيارة لمعلم تاريخي. تتخلل القصة مواقف مشوقة وحوارات تعكس الثقافة والتقاليد المرتبطة بـزيارة لمعلم تاريخي، مما يجعل القارئ يشعر وكأنه جزء من القصة.,جولة في معلم تاريخي تعكس عظمة الماضي
تدور أحداث هذا النص حول مهرجان ثقافي. يبدأ النص بوصف مفصل للمكان والأجواء المحيطة، ثم ينتقل لسرد الأحداث والتجارب الفريدة التي يعيشها الأشخاص المشاركون في مهرجان ثقافي. تتخلل القصة مواقف مشوقة وحوارات تعكس الثقافة والتقاليد المرتبطة بـمهرجان ثقافي، مما يجعل القارئ يشعر وكأنه جزء من القصة.,الاحتفال بمهرجان ثقافي يعرض فنون وثقافات متنوعة
تدور أحداث هذا النص حول مغامرة في الجبال. يبدأ النص بوصف مفصل للمكان والأجواء المحيطة، ثم ينتقل لسرد الأحداث والتجارب الفريدة التي يعيشها الأشخاص المشاركون في مغامرة في الجبال. تتخلل القصة مواقف مشوقة وحوارات تعكس الثقافة والتقاليد المرتبطة بـمغامرة في الجبال، مما يجعل القارئ يشعر وكأنه جزء من القصة.,تجربة تسلق جبال شاهقة واكتشاف الطبيعة
تدور أحداث هذا النص حول رحلة في الصحراء. يبدأ النص بوصف مفصل للمكان والأجواء المحيطة، ثم ينتقل لسرد الأحداث والتجارب الفريدة التي يعيشها الأشخاص المشاركون في رحلة في الصحراء. تتخلل القصة مواقف مشوقة وحوارات تعكس الثقافة والتقاليد المرتبطة بـرحلة في الصحراء، مما يجعل القارئ يشعر وكأنه جزء من القصة.,رحلة مثيرة في الصحراء تكشف جمال الطبيعة الصحراوية
تدور أحداث هذا النص حول يوم في السوق. يبدأ النص بوصف مفصل للمكان والأجواء المحيطة، ثم ينتقل لسرد الأحداث والتجارب الفريدة التي يعيشها الأشخاص المشاركون في يوم في السوق. تتخلل القصة مواقف مشوقة وحوارات تعكس الثقافة والتقاليد المرتبطة بـيوم في السوق، مما يجعل القارئ يشعر وكأنه جزء من القصة.,يوم حافل بالتسوق واستكشاف الأسواق التقليدية
تدور أحداث هذا النص حول يوم في السوق. يبدأ النص بوصف مفصل للمكان والأجواء المحيطة، ثم ينتقل لسرد الأحداث والتجارب الفريدة التي يعيشها الأشخاص المشاركون في يوم في السوق. تتخلل القصة مواقف مشوقة وحوارات تعكس الثقافة والتقاليد المرتبطة بـيوم في السوق، مما يجعل القارئ يشعر وكأنه جزء من القصة.,يوم حافل بالتسوق واستكشاف الأسواق التقليدية
